id,sample_reason,category,contract,clause_text,target,rubric_aggregate,rubric_structure_ok,rubric_groundedness,rubric_length_ok,rubric_no_contradiction,reviewer_verdict,reviewer_notes
InvendaCorp_20000828_S-1A_EX-10.2_2588206_EX-10.2_Co-Branding Agreement__No-Solicit Of Customers_0,random,No-Solicit Of Customers,InvendaCorp_20000828_S-1A_EX-10.2_2588206_EX-10.2_Co-Branding Agreement,Application Provider will not solicit any Excite@Home Member on             behalf of any Excite@Home Named Competitor during the Term of this             Agreement or thereafter.,"Issue: The scope and enforceability of a non-solicitation clause in a contract.

Rule: Non-solicitation clauses are generally enforceable as they protect a company's customer base and proprietary information. However, the scope of such clauses must be reasonable and not overly broad to avoid being deemed unenforceable.

Application: The clause restricts the Application Provider from soliciting Excite@Home Members on behalf of any Excite@Home Named Competitor both during and after the term of the agreement. This restriction is specific to solicitation activities and does not limit other business activities. The clause is clear about the parties involved and the duration of the restriction.

Conclusion: The clause is specific and reasonable in its scope, as it targets a particular activity (solicitation) and specifies the parties involved (Excite@Home Members and Named Competitors). Therefore, it is likely enforceable under general contract law principles.",1.0,1.0,1.0,1.0,1.0,minor_issue,"Misapplies its own rule: clause bars solicitation 'during the Term or thereafter' (perpetual), but target calls the duration clear and reasonable and concludes it is likely enforceable. Unlimited post-term duration is the obvious overbreadth issue and is not raised."
"BERKELEYLIGHTS,INC_06_26_2020-EX-10.12-COLLABORATION AGREEMENT__Uncapped Liability_2",low_rubric_score,Uncapped Liability,"BERKELEYLIGHTS,INC_06_26_2020-EX-10.12-COLLABORATION AGREEMENT","ANY THEORY OF LIABILITY (WHETHER IN CONTRACT, TORT (INCLUDING NEGLIGENCE), STRICT LIABILITY OR OTHERWISE). THE LIMITATIONS SET FORTH IN THIS SECTION WILL APPLY EVEN IF A PARTY HAS BEEN ADVISED OF THE POSSIBILITY OF SUCH DAMAGES, AND NOTWITHSTANDING ANY FAILURE OF ESSENTIAL PURPOSE OF ANY LIMITED REMEDY.","Issue: The clause's impact on liability and damages in a contract.

Rule: In contract law, liability is typically limited to specific types of damages, and the scope of liability can be capped or excluded based on the parties' agreement. However, this clause includes an uncapped liability provision, which is broad and potentially unlimited.

Application: The clause states ""ANY THEORY OF LIABILITY,"" indicating that it covers all types of legal theories, including contract, tort (including negligence), and strict liability. Additionally, it specifies that the limitations apply even if one party has been advised of the possibility of such damages and regardless of any failure of essential purpose of any limited remedy. This means that the party agreeing to this clause could be held liable for any damages, regardless of the nature of the claim or the existence of a remedy.

Conclusion: The clause effectively removes any limitation on the type or amount of damages that could be claimed, significantly increasing the potential liability for the party agreeing to it.",0.75,1.0,0.0,1.0,1.0,bad,Inverted reading. This is a limitation-of-liability clause ('THE LIMITATIONS SET FORTH IN THIS SECTION WILL APPLY'); target says it 'removes any limitation on the type or amount of damages' and creates unlimited exposure. Exactly backwards. Drop or regenerate.
RangeResourcesLouisianaInc_20150417_8-K_EX-10.5_9045501_EX-10.5_Transportation Agreement__Uncapped Liability_0,random,Uncapped Liability,RangeResourcesLouisianaInc_20150417_8-K_EX-10.5_9045501_EX-10.5_Transportation Agreement,"NOTWITHSTANDING ANYTHING TO THE CONTRARY IN THIS AGREEMENT, IN NO EVENT SHALL EITHER PARTY BE LIABLE TO THE OTHER PARTY OR ITS AFFILIATES, ANY SUCCESSORS IN INTEREST OR ANY BENEFICIARY OR ASSIGNEE OF THIS AGREEMENT FOR ANY CONSEQUENTIAL, MULTIPLE, INCIDENTAL, INDIRECT, SPECIAL, EXEMPLARY OR PUNITIVE DAMAGES, OR LOSS OF PROFITS OR REVENUES ARISING OUT OF OR RELATING TO THIS AGREEMENT OR ANY BREACH HEREOF; PROVIDED, HOWEVER, THE FOREGOING SHALL NOT BE CONSTRUED AS LIMITING AN OBLIGATION OF A PARTY HEREUNDER TO INDEMNIFY, DEFEND AND HOLD HARMLESS THE OTHER PARTY AGAINST CLAIMS ASSERTED BY UNAFFILIATED THIRD PARTIES, INCLUDING, BUT NOT LIMITED TO, THIRD PARTY CLAIMS FOR SPECIAL, INDIRECT, CONSEQUENTIAL, PUNITIVE OR EXEMPLARY DAMAGES.","Issue: The clause limits the liability of the parties to this agreement, specifically excluding certain types of damages.

Rule: In contract law, liability clauses are generally enforceable as long as they are clear, unambiguous, and do not violate public policy. The clause in question is designed to limit the types of damages that can be claimed by the parties, which is a common practice in contract drafting.

Application: The clause explicitly limits liability to direct damages, excluding consequential, multiple, incidental, indirect, special, exemplary, or punitive damages, as well as loss of profits or revenues. It also preserves the obligation to indemnify, defend, and hold harmless against claims by unaffiliated third parties, even if those claims seek the excluded types of damages.

Conclusion: The clause effectively limits the liability of the parties to this agreement, but it does not limit the obligation to defend and indemnify against third-party claims, even if those claims seek the excluded types of damages.",1.0,1.0,1.0,1.0,1.0,good,Accurate. Correctly identifies the consequential-damages exclusion and the third-party indemnity carve-out that makes it the 'uncapped' label. Grounded throughout.
BUFFALOWILDWINGSINC_06_05_1998-EX-10.3-FRANCHISE AGREEMENT__Change Of Control_0,random,Change Of Control,BUFFALOWILDWINGSINC_06_05_1998-EX-10.3-FRANCHISE AGREEMENT,"Any proposed transfer by you (regardless of the form of transfer) shall be subject to the same terms and conditions contained in the Franchise Agreement.  As used herein, the term ""Transfer"" shall mean any sale, assignment, gift, pledge, mortgage or any other encumbrance, transfer by bankruptcy, transfer by judicial order, merger, consolidation, share exchange, transfer by operation of law or otherwise, whether direct or indirect, voluntary or involuntary, of the Agreements or any interest in any of them or any rights or obligations arising under them, or of any material portion of the business assets, or of any interest in the Franchisee.  Each of you agree and covenant that you will not at any time during which Franchisee is a Buffalo Wild Wings/bw-3 franchisee and/or developer, directly or indirectly, voluntarily or involuntarily, make any Transfer, unless you first obtain our written approval in compliance with the same provisions applicable to a transfer by you as set forth in the Agreements.","Issue: The scope and enforceability of a change of control clause in a franchise agreement.

Rule: Change of control clauses in franchise agreements typically restrict the transfer of franchise rights to ensure the franchisor maintains control over the quality and operations of its brand. These clauses are generally enforceable as long as they are reasonable in scope and do not unreasonably restrict the franchisee's ability to sell or transfer their business.

Application: The clause restricts any form of transfer of the franchise agreements, including sales, assignments, gifts, and other encumbrances, by requiring the franchisee to obtain written approval from the franchisor. The clause defines ""Transfer"" broadly to include any method of transferring the franchise or its assets, ensuring comprehensive coverage. The requirement for written approval is a standard contractual term designed to maintain the franchisor's control over the franchise network.

Conclusion: The clause is enforceable as it is reasonable and does not unreasonably restrict the franchisee's ability to transfer their business, as it allows for the franchisor's oversight and control over the franchise network.",1.0,1.0,1.0,1.0,1.0,good,Accurate summary of the broad Transfer definition and the written-approval gate. Enforceability conclusion is conclusory but defensible for a franchise CoC clause.
"GRIDIRONBIONUTRIENTS,INC_02_05_2020-EX-10.3-SUPPLY AGREEMENT__Governing Law_0",random,Governing Law,"GRIDIRONBIONUTRIENTS,INC_02_05_2020-EX-10.3-SUPPLY AGREEMENT",This Agreement and any amendments thereto shall be construed according to the laws of the State of Colorado without regard to conflicts of law principles and any disputes hereunder shall be litigated in a state court in Colorado.,"Issue: Governing Law and Forum Selection in Contract Clauses

Rule: Contract law generally allows parties to specify the governing law and forum for disputes. The choice of law clause reflects the parties' intent to have their agreement interpreted under the laws of a specific jurisdiction, and the forum selection clause directs where disputes should be resolved.

Application: The clause specifies that the laws of the State of Colorado will govern the agreement and any amendments, indicating that Colorado law will be applied to interpret the contract. It also directs that any disputes arising under the agreement should be litigated in a state court in Colorado, effectively limiting the venue for legal proceedings to Colorado.

Conclusion: The clause effectively limits the legal jurisdiction to Colorado, aligning the parties' expectations with the chosen forum for dispute resolution.",1.0,1.0,1.0,1.0,1.0,good,Clean. Correctly separates choice of law from forum selection and notes the conflicts-of-law carve-out.
BICYCLETHERAPEUTICSPLC_03_10_2020-EX-10.11-SERVICE AGREEMENT__Rofr/Rofo/Rofn_1,low_rubric_score,Rofr/Rofo/Rofn,BICYCLETHERAPEUTICSPLC_03_10_2020-EX-10.11-SERVICE AGREEMENT,"On or as soon as practicable following the Effective Date, it is intended that you will be granted an option under the Option Plan to acquire 107,417 ordinary shares in the capital of BTL (""Shares"") (representing approximately 0.6% of the Company's issued share capital as at the Effective Date).","Issue: The nature and timing of the option grant under the Option Plan.

Rule: In the context of option grants, the grantor is typically required to provide the grantee with the option to purchase shares within a reasonable time frame following the effective date, as per standard contract law principles.

Application: The clause specifies that the option to acquire 107,417 ordinary shares (approximately 0.6% of the Company's issued share capital) will be granted ""On or as soon as practicable following the Effective Date."" This aligns with the rule by ensuring the grant is provided promptly.

Conclusion: The clause is consistent with standard practices for option grants, ensuring the grantee receives the option in a timely manner.",0.75,1.0,0.0,1.0,1.0,bad,"Category mismatch plus fabricated law. Clause is a share option grant, not a ROFR/ROFO/ROFN; target never mentions a refusal right, and invents a rule that grantors must grant options 'within a reasonable time frame ... as per standard contract law principles'. No such rule. Drop."
ArmstrongFlooringInc_20190107_8-K_EX-10.2_11471795_EX-10.2_Intellectual Property Agreement__Affiliate License-Licensee_0,low_rubric_score,Affiliate License-Licensee,ArmstrongFlooringInc_20190107_8-K_EX-10.2_11471795_EX-10.2_Intellectual Property Agreement,"Arizona may sublicense the licenses granted herein to its Affiliates and Third Parties in the ordinary course of business in support of its and its Affiliates' business, but not for the independent use of Third Parties, and the Company may sublicense the licenses granted herein to Third Parties, its Subsidiaries, AWP, controlled Affiliates, or any holding company that is a direct or indirect parent of the Company in the ordinary course of business in support of its and its Subsidiaries' or controlled Affiliates' business, but not for the independent use of Third Parties (each such Affiliate, Third Party, AWP or Subsidiary, a ""Sublicensee"").","Issue: The scope and limitations of sublicensing rights for Affiliates and Third Parties under an Affiliate License-Licensee clause.

Rule: In contract law, the terms of a contract are strictly construed, and parties are bound by the explicit language used. Sublicensing rights are typically defined by the specific terms and conditions agreed upon by the parties, including the nature and extent of the sublicense, the purpose for which it is granted, and the restrictions placed on its use.

Application: The Company has the right to sublicense its licenses to Affiliates and Third Parties, but such sublicensing is limited to supporting the Company's and its Affiliates' business operations and not for the independent use of Third Parties. Similarly, Arizona may sublicense its licenses to Third Parties, Subsidiaries, AWP, controlled Affiliates, or a holding company, but this is also restricted to supporting the Company's and its Subsidiaries' or controlled Affiliates' business and not for the independent use of Third Parties. Each such sublicensee is referred to as a ""Sublicensee.""

Conclusion: The Company and Arizona are restricted in their sublicensing activities to support their respective business operations and cannot independently use the sublicensed rights for Third Parties, ensuring that the sublicensing is aligned with the core business objectives of the parties.",0.75,1.0,0.0,1.0,1.0,bad,"Parties swapped in Application. Clause: Arizona sublicenses to its Affiliates/Third Parties; Company sublicenses to Third Parties, Subsidiaries, AWP, controlled Affiliates, parent holdco. Target reverses the two. Groundedness failure. Drop or regenerate."
"BERKELEYLIGHTS,INC_06_26_2020-EX-10.12-COLLABORATION AGREEMENT__Insurance_2",random,Insurance,"BERKELEYLIGHTS,INC_06_26_2020-EX-10.12-COLLABORATION AGREEMENT",Each Party will obtain and carry in full force and effect the minimum insurance requirements set forth below.,"Issue: The requirement for each party to obtain and maintain insurance coverage as specified in the contract.

Rule: Under contract law, parties are generally required to fulfill their obligations as outlined in the agreement. This includes obtaining and maintaining insurance coverage as a means to mitigate risk and ensure compliance with legal standards.

Application: The clause requires each party to obtain and carry insurance that meets the minimum requirements set forth. This demonstrates the parties' agreement to comply with specific insurance coverage standards, which are intended to protect against potential liabilities and ensure that the minimum level of risk is managed.

Conclusion: Therefore, each party must ensure that the insurance coverage they obtain is sufficient to meet the minimum requirements as specified in the contract, reflecting their commitment to risk management and compliance with legal standards.",0.964,1.0,0.857,1.0,1.0,minor_issue,"Not wrong, but vacuous. Clause is a stub pointing to requirements 'set forth below' that are not in the excerpt, so the target has nothing to analyze and pads with generic risk-management language. Low training value."
RemarkHoldingsInc_20081114_10-Q_EX-10.24_2895649_EX-10.24_Content License Agreement__Audit Rights_0,random,Audit Rights,RemarkHoldingsInc_20081114_10-Q_EX-10.24_2895649_EX-10.24_Content License Agreement,"Any such audit will be conducted upon [*] ([*]) days notice and during regular business hours, and shall be at [*] expense, unless such audit reveals a discrepancy of more than [*] percent ([*]%) in the total applicable amount reported by HSWI, in which case [*] shall pay for, or reimburse [*] the cost of, such audit.","Issue: The scope and conditions of an audit right in a contract.

Rule: Contractual audit clauses typically require that audits be conducted with proper notice and during regular business hours, and that the auditing party bears the cost unless a material discrepancy is found. The clause must be clear about the notice period, the cost allocation, and the threshold for cost shifting.

Application: The clause requires an audit to be conducted upon [*] days notice and during regular business hours, indicating a reasonable notice period and adherence to standard business operations. The clause specifies that the auditing party shall bear the expense of the audit unless a discrepancy of more than [*] percent is found, at which point the other party is required to pay for the audit. This structure ensures that the auditing party incurs the initial cost but is only required to pay if a significant error is uncovered, aligning with the principle of cost allocation based on the outcome of the audit.

Conclusion: The clause effectively balances the rights and responsibilities of both parties regarding the conduct and cost of an audit, ensuring that the auditing party bears the initial cost but is only required to pay if a material discrepancy is identified.",1.0,1.0,1.0,1.0,1.0,minor_issue,"Clause is redaction-heavy ([*] notice period, [*] threshold, [*] paying party). Target asserts 'a reasonable notice period' and assigns who pays, neither of which is recoverable from the text. Unsupported inference from redactions."
"CARDAX,INC_08_19_2014-EX-10.1-COLLABORATION AGREEMENT__Audit Rights_0",random,Audit Rights,"CARDAX,INC_08_19_2014-EX-10.1-COLLABORATION AGREEMENT","CARDAX shall have the right to audit CAPSUGEL's facilities, quality systems and records from time to time upon reasonable notice and CARDAX shall have the right to have a third party accounting firm, subject to a non-disclosure agreement, audit CAPSUGEL's financials as they relate to Net Sales and Adjusted Net Sales.","Issue: The scope and conditions of CARDAX's right to audit CAPSUGEL's facilities, quality systems, records, and financials.

Rule: Under contract law, parties may agree to grant one another specific audit rights, which are typically subject to reasonable notice and the use of confidentiality agreements. Third-party audits are also permissible, provided that the third party is bound by a non-disclosure agreement.

Application: CARDAX has the right to audit CAPSUGEL's facilities, quality systems, and records at any time, subject to reasonable notice. Additionally, CARDAX can engage a third-party accounting firm, which must sign a non-disclosure agreement, to audit CAPSUGEL's financials related to Net Sales and Adjusted Net Sales.

Conclusion: The clause establishes CARDAX's right to conduct audits of CAPSUGEL's operations and financials, subject to reasonable notice and confidentiality, ensuring that CARDAX can verify the accuracy of financial information related to Net Sales and Adjusted Net Sales.",1.0,1.0,1.0,1.0,1.0,good,"Accurate. Captures both the direct audit right and the NDA-bound third-party financial audit. Minor: 'at any time' slightly overstates 'from time to time', but scope and conditions are right."
NEXSTARFINANCEHOLDINGSINC_03_27_2002-EX-10.26-OUTSOURCING AGREEMENT__Audit Rights_0,random,Audit Rights,NEXSTARFINANCEHOLDINGSINC_03_27_2002-EX-10.26-OUTSOURCING AGREEMENT,"At all times during the Term and for six (6) months following the termination of this Agreement, WYZZ shall have the right, upon prior written request to Nexstar, to review all of the books and records of Nexstar relating to the BCF Report and the Distributions.","Issue: The scope and duration of the audit rights granted to WYZZ under the contract.

Rule: Under contract law, a party's right to audit another party's books and records is a specific contractual obligation that must be clearly defined in terms of the scope of review and the duration of such rights.

Application: WYZZ is granted the right to review Nexstar's books and records related to the BCF Report and Distributions. This right is exercisable at any time during the term of the agreement and for an additional six months post-termination. The scope of the review is limited to the specific financial documents related to the BCF Report and Distributions, indicating that the audit is targeted and not a broad, unrestricted review.

Conclusion: WYZZ's audit rights are well-defined in terms of the specific documents to be reviewed and the temporal duration, providing clear parameters for the exercise of this contractual right.",1.0,1.0,1.0,1.0,1.0,good,Accurate on both scope (books/records re BCF Report and Distributions) and duration (Term plus six months). Well grounded.
"ASHWORTHINC_01_29_1999-EX-10.(D)-PROMOTION AGREEMENT AND NANTZ COMMUNICATIONS, INC.__Exclusivity_2",random,Exclusivity,"ASHWORTHINC_01_29_1999-EX-10.(D)-PROMOTION AGREEMENT AND NANTZ COMMUNICATIONS, INC.","Nantz Communications and Nantz expressly agree that the Endorsement will not be granted to anyone other than the Company for use during the Term in connection with the advertisement and promotion of sportswear apparel, hats and shoes.","Issue: The issue is whether the contract clause imposes an exclusivity obligation on the parties regarding the Endorsement for the specified products and time period.

Rule: Exclusivity clauses in contracts typically restrict the parties from granting rights to third parties that are not the contract parties, ensuring that the contract parties have exclusive rights to use the granted rights during the term of the contract.

Application: The clause explicitly states that the Endorsement will not be granted to anyone other than the Company, which means Nantz Communications and Nantz are precluded from allowing any third party to use the Endorsement for the advertisement and promotion of sportswear apparel, hats, and shoes during the Term.

Conclusion: Therefore, the clause enforces an exclusivity obligation on Nantz Communications and Nantz, limiting their use of the Endorsement to only the Company for the specified products and time period.",1.0,1.0,1.0,1.0,1.0,good,Accurate. Correctly reads the negative covenant as an exclusivity obligation limited to the named product categories and the Term.
NeoformaInc_19991202_S-1A_EX-10.26_5224521_EX-10.26_Co-Branding Agreement__Ip Ownership Assignment_0,random,Ip Ownership Assignment,NeoformaInc_19991202_S-1A_EX-10.26_5224521_EX-10.26_Co-Branding Agreement,"VerticalNet shall register and own the domain name and the URL used in connection with the Co-Branded Career Center, subject, however, to Neoforma's agreement on the name to be used for the URL, which domain name and URL shall be mutually agreed upon by the Parties.","Issue: The issue is the assignment and registration of domain names and URLs for a co-branded career center, with conditions on Neoforma's agreement on the URL name.

Rule: Under contract law, parties must adhere to the terms agreed upon, and domain names and URLs are considered intellectual property that can be assigned and registered as part of a contractual agreement. Both parties must mutually agree on the specifics of the domain name and URL to ensure clear ownership and registration.

Application: The clause requires VerticalNet to register and own the domain name and URL for the Co-Branded Career Center, subject to Neoforma's agreement on the URL name. This means that while VerticalNet is responsible for the registration, the choice of the URL name must be mutually agreed upon by both parties. This ensures that both parties are in agreement on the branding and identity of the co-branded career center.

Conclusion: The clause ensures that both parties have a say in the branding of the co-branded career center, with VerticalNet handling the registration and ownership of the domain name and URL, but only after reaching mutual agreement on the specific URL name.",1.0,1.0,1.0,1.0,1.0,good,Accurate. Correctly captures VerticalNet registering/owning the domain subject to mutual agreement on the name.
BONTONSTORESINC_04_20_2018-EX-99.3-AGENCY AGREEMENT__Exclusivity_0,random,Exclusivity,BONTONSTORESINC_04_20_2018-EX-99.3-AGENCY AGREEMENT,"orders of, and applicable restrictions imposed by, governmental authorities (collectively, the ""Applicable General Laws""), other than all applicable laws, rules and regulations in respect of ""going out of business"", ""store closing"" or similar-themed sales and permitting (collectively, the ""Liquidation Sale Laws"")","Issue: The scope of exclusivity in the context of compliance with general laws versus liquidation sale laws.

Rule: In contract law, exclusivity clauses typically restrict a party from engaging in certain activities that may compete with the other party. However, such exclusivity is subject to compliance with applicable laws, rules, and regulations. Generally, exclusivity does not extend to compliance with laws that are specifically related to liquidation sales.

Application: This clause specifies that exclusivity is subject to compliance with ""Applicable General Laws"" but excludes compliance with ""Liquidation Sale Laws."" This means the party is not restricted from complying with laws that apply to general business operations but is allowed to comply with laws that apply specifically to liquidation sales.

Conclusion: The clause allows for flexibility in compliance with general business laws while ensuring the party can legally conduct liquidation sales without breaching the exclusivity agreement.",0.875,1.0,0.5,1.0,1.0,bad,Clause is a definitions fragment carving Liquidation Sale Laws out of Applicable General Laws; it has nothing to do with exclusivity. Target invents an exclusivity frame and produces an incoherent Application ('not restricted from complying with laws ... but is allowed to comply with laws'). Drop.
"ARMSTRONGFLOORING,INC_01_07_2019-EX-10.2-INTELLECTUAL PROPERTY AGREEMENT__Affiliate License-Licensee_0",low_rubric_score,Affiliate License-Licensee,"ARMSTRONGFLOORING,INC_01_07_2019-EX-10.2-INTELLECTUAL PROPERTY AGREEMENT","Arizona may sublicense the licenses granted herein to its Affiliates and Third Parties in the ordinary course of business in support of its and its Affiliates' business, but not for the independent use of Third Parties, and the Company may sublicense the licenses granted herein to Third Parties, its Subsidiaries, AWP, controlled Affiliates, or any holding company that is a direct or indirect parent of the Company in the ordinary course of business in support of its and its Subsidiaries' or controlled Affiliates' business, but not for the independent use of Third Parties (each such Affiliate, Third Party, AWP or Subsidiary, a ""Sublicensee"").","Issue: Scope of sublicense rights for Affiliates and Third Parties

Rule: In contract law, the grant of a license typically includes the right to sublicense, subject to the licensor's control and the terms of the original agreement. Licenses can be sublicensed to Affiliates and Third Parties, but the sublicensing must be for the support of the licensor's and its Affiliates' business operations, not for independent use by Third Parties.

Application: The clause allows Arizona to sublicense its licenses to Affiliates and Third Parties for business support, but not for independent use by Third Parties. Similarly, the Company may sublicense its licenses to Third Parties, Subsidiaries, AWP, controlled Affiliates, or a holding company that is a direct or indirect parent of the Company, but also only for business support and not for independent use by Third Parties. Each such sublicensee is referred to as a ""Sublicensee.""

Conclusion: The clause restricts sublicensing to support the business operations of the licensor and its Affiliates, ensuring that Third Parties do not gain independent use rights through sublicensing.",0.75,1.0,0.0,1.0,1.0,minor_issue,"Parties are correct here (unlike the duplicate of this clause elsewhere in the sample), but the Rule is wrong law: it states a license grant 'typically includes the right to sublicense'. Default is the opposite - sublicense rights must be expressly granted. Fix the Rule."
"BELLICUMPHARMACEUTICALS,INC_05_07_2019-EX-10.1-Supply Agreement__Non-Transferable License_7",low_rubric_score,Non-Transferable License,"BELLICUMPHARMACEUTICALS,INC_05_07_2019-EX-10.1-Supply Agreement","For clarity, in no event shall any permitted delegation or subcontracting of any activities to be performed in connection with this Agreement release a Party from any of its limitations or obligations under this Agreement.","Issue: The scope of a non-transferable license and its impact on a party's obligations.

Rule: A non-transferable license restricts a party from delegating or subcontracting their responsibilities without assuming liability for any resulting breaches of the agreement.

Application: The clause explicitly prohibits any delegation or subcontracting of activities under the agreement, ensuring that the party retains responsibility for their obligations. By stating ""in no event shall any permitted delegation or subcontracting release a Party from any of its limitations or obligations,"" the clause reinforces that the party remains bound by the terms of the agreement even if they delegate or subcontract their duties.

Conclusion: The clause ensures that the party retains all obligations under the agreement, regardless of any delegation or subcontracting of activities.",0.75,1.0,0.0,1.0,1.0,bad,Contradicts the clause. Target says it 'explicitly prohibits any delegation or subcontracting'; the clause presupposes permitted delegation and only provides that it does not release the delegating party from its obligations. Rule statement is also garbled. Drop or regenerate.
"ADIANUTRITION,INC_04_01_2005-EX-10.D2-RESELLER AGREEMENT__Non-Transferable License_0",low_rubric_score,Non-Transferable License,"ADIANUTRITION,INC_04_01_2005-EX-10.D2-RESELLER AGREEMENT","Subject to the terms and conditions of this Agreement, PivX hereby grants to Detto a non-transferable, exclusive license to distribute PivX's Qwik-Fix Pro and any documentation supporting Qwik-Fix Pro provided from time to time by PivX (the ""Documentation"") within North America, solely to third parties to whom Detto licenses Qwik-Fix Pro (""Third Parties""), and as governed by the terms set forth in Exhibit A (PivX/Detto Reseller Agreement Addendum). PivX also hereby grants to Detto a non-transferable, non-exclusive license to distribute PivX's Qwik-Fix Pro and the Documentation outside of North America, solely to Third Parties and as governed by the terms in Exhibit A. Detto shall have no right to reproduce Qwik-Fix Pro or any part thereof.","Issue: The nature and limitations of the licenses granted under the contract.

Rule: In contract law, a non-transferable license typically restricts the licensee from assigning or transferring the rights to a third party without the licensor's consent. Licenses are also subject to the terms and conditions agreed upon by the parties, which may include geographical restrictions and the scope of use.

Application: The clause grants Detto a non-transferable, exclusive license to distribute Qwik-Fix Pro and its documentation within North America, subject to the terms set forth in Exhibit A. Detto, however, is granted a non-transferable, non-exclusive license to distribute Qwik-Fix Pro and its documentation outside of North America, also subject to the terms in Exhibit A. Detto is not permitted to reproduce Qwik-Fix Pro or any part thereof.

Conclusion: Detto's rights to distribute Qwik-Fix Pro are limited to the geographical regions specified and are subject to the terms of the Reseller Agreement Addendum. Detto cannot transfer these rights without PivX's consent and is prohibited from reproducing the software.",0.75,1.0,1.0,1.0,0.0,minor_issue,"Substantively accurate on the exclusive/NA vs non-exclusive/ex-NA split and the no-reproduction limit. Adds 'cannot transfer these rights without PivX's consent' - clause says non-transferable, with no consent mechanism. Note: rubric_no_contradiction=0 looks like a false positive (the exclusive/non-exclusive split is in the source clause, not an error in the target)."
ReedsInc_20191113_10-Q_EX-10.4_11888303_EX-10.4_Development Agreement__Ip Ownership Assignment_0,random,Ip Ownership Assignment,ReedsInc_20191113_10-Q_EX-10.4_11888303_EX-10.4_Development Agreement,"Company acknowledges and agrees that all Intellectual Property created by Company, its affiliates, representatives, or agents in connection with or resulting from any work or services related to the Products, including the Deliverables (""Work Product""), but excluding the Neutral Alcohol Beverage Base and excluding the Company's general know-how and independently developed production processes not specifically related to the Products, have been specially ordered and commissioned by Reed's, are works-made-for-hire from the moment of creation and that all such Work Product is and will be the sole and exclusive property of Reed's.","Issue: Ownership of Intellectual Property in Work Product

Rule: Under contract law, intellectual property created under a work-made-for-hire agreement is owned by the entity that commissions the work.

Application: The clause states that the Work Product is a work-made-for-hire from the moment of creation, and all such Work Product is and will be the sole and exclusive property of Reed's. This indicates that Reed's commissions the creation of the Work Product, and thus, under the work-made-for-hire doctrine, Reed's owns the intellectual property rights to the Work Product.

Conclusion: Reed's has exclusive ownership of the intellectual property rights to the Work Product, as it has specially ordered and commissioned the creation of these works.",1.0,1.0,1.0,1.0,1.0,good,"Accurate. Correctly identifies the WMFH designation, the present assignment, and the express carve-outs. Could have flagged that WMFH only attaches to statutory categories, but nothing stated is wrong."
CORIOINC_07_20_2000-EX-10.5-LICENSE AND HOSTING AGREEMENT__Audit Rights_0,low_rubric_score,Audit Rights,CORIOINC_07_20_2000-EX-10.5-LICENSE AND HOSTING AGREEMENT,"In addition, if         any such inspection reveals an underpayment of more than five percent         (5%) for the period under audit, Corio shall reimburse Commerce One for         the reasonable cost of the examination.","Issue: The scope and conditions for reimbursement of examination costs in the event of an underpayment are unclear.

Rule: Under contract law, a party's obligation to reimburse another for costs is typically tied to a specific breach or condition being met. In this case, the clause requires Corio to reimburse Commerce One for the reasonable cost of an examination if an underpayment of more than five percent is found during an audit.

Application: The clause specifies that Corio must reimburse Commerce One for the reasonable cost of the examination if an underpayment of more than five percent is discovered. This implies that the examination must be conducted as part of an audit, and the underpayment must be identified during this process. The clause does not specify the frequency or trigger for these audits, nor does it clarify what constitutes a ""reasonable cost.""

Conclusion: The clause obligates Corio to reimburse Commerce One for the reasonable costs of an examination if an underpayment exceeding five percent is identified during an audit, but it does not provide details on the audit process or the cost calculation.",0.75,1.0,0.0,1.0,1.0,good,"Accurate on the 5% threshold and the cost-shift mechanic, and correctly notes what the fragment leaves undefined. Issue is phrased as a finding rather than a question, which is a small style inconsistency with the rest of the set."
BLUEFLYINC_03_27_2002-EX-10.27-e-business Hosting Agreement__Cap On Liability_1,random,Cap On Liability,BLUEFLYINC_03_27_2002-EX-10.27-e-business Hosting Agreement,It is the cumulative maximum for which Customer and its Affiliates are collectively responsible.,"Issue: The scope of the cap on liability for the Customer and its Affiliates.

Rule: A cap on liability in a contract typically limits the maximum amount that one party can be held responsible for, regardless of the actual damages incurred.

Application: The clause specifies a cumulative maximum liability for the Customer and its Affiliates. This means that the total amount of liability across all parties is capped, but each party's individual liability is not capped separately.

Conclusion: The clause effectively limits the total exposure of the Customer and its Affiliates to a specific amount, ensuring that no single party or group of parties can be held responsible for more than the stated maximum.",1.0,1.0,1.0,1.0,1.0,minor_issue,Self-contradictory. Application says 'each party's individual liability is not capped separately'; Conclusion says no single party can be held responsible for more than the maximum. Also over-reads a one-line fragment. rubric_no_contradiction=1.0 missed this.
"PHREESIA,INC_05_28_2019-EX-10.18-STRATEGIC ALLIANCE AGREEMENT__License Grant_0",random,License Grant,"PHREESIA,INC_05_28_2019-EX-10.18-STRATEGIC ALLIANCE AGREEMENT","(b) the marketing, promoting, distributing, reselling, or provision of the Installed Software or the Subscription Software Services, directly or through Allscripts Resellers or Partnering Organizations, in accordance with the terms and conditions of this Agreement;

(c) enabling Allscripts products and services to interface or otherwise integrate, interact, or interoperate with the Installed Software and the Subscription Software Services , including performing any integration or interface development efforts with respect to the Installed Software, Subscription Software Services or any integrated product with any Allscripts products and services, or internally testing, evaluating, and performing validation and verification with respect to the Installed Software, Subscription Software Services or any integrated product with any Allscripts products and services (it being understood that the foregoing activities will not affect the Company's representations and warranties in Section 21);

(d) reselling Subscriptions (through multiple levels of sublicensees) to (i) Sublicensed Customers pursuant to Customer Agreements in accordance with this Agreement and (ii) Allscripts' Affiliates or to Allscripts Resellers or Partnering Organizations (subject to Sections 2.4 and 2.5) to carry out any of the purposes set forth in this Agreement;

(e) creating backups and other copies of the Installed Software solely to the extent necessary to perform its obligations hereunder in the ordinary course of business;

(f) managing, operating, and hosting (i) any Installed Software, (ii) the Allscripts products that will interface with the Installed Software or Subscription Software Services on behalf of Sublicensed Customers and (iii) authorizing its Sublicensed Customers, Allscripts Resellers or Partnering Organizations to do the same;

(g) generating, printing, copying, downloading, and storing all Data and other displays and output, as may result from any execution or other use of the Subscription Software Services and authorizing its Sublicensed Customers, Allscripts Resellers or Partnering Organizations to do the same; and

(h) all other purposes reasonably necessary to carry out any of the foregoing.","Issue: Scope of License Grant in the Contract

Rule: The License Grant in the contract is a broad authorization that allows the licensee to perform various activities related to the use and distribution of the software, subject to the terms and conditions of the agreement. These activities include marketing, distributing, and reselling the software, as well as integrating it with other software products.

Application: The clause specifically permits the licensee to market and distribute the software, resell subscriptions, create backups, manage and host the software, and generate and store data outputs. These activities are subject to the terms of the agreement and do not affect the company's warranties. The licensee is also authorized to allow sublicensees to perform these activities, provided they are in line with the agreement's terms.

Conclusion: The License Grant is comprehensive, allowing the licensee to engage in a wide range of activities with the software, including marketing, distributing, and reselling it, as well as integrating it with other products, all while adhering to the agreement's terms and conditions.",1.0,1.0,1.0,1.0,1.0,minor_issue,"Application is an accurate summary of a long enumerated grant, but the Rule section restates the clause instead of stating a rule of law. Structurally IRAC, substantively R is empty."
2ThemartComInc_19990826_10-12G_EX-10.10_6700288_EX-10.10_Co-Branding Agreement_ Agency Agreement__Anti-Assignment_0,low_rubric_score,Anti-Assignment,2ThemartComInc_19990826_10-12G_EX-10.10_6700288_EX-10.10_Co-Branding Agreement_ Agency Agreement,transferable or assignable.,"Issue: The clause's effect on the transferability and assignability of rights under the contract.

Rule: Generally, contract law distinguishes between transferable and assignable rights. A transferable right can be assigned to a third party without the obligor's consent, whereas an assignable right requires the obligor's consent for assignment.

Application: The clause states ""transferable or assignable,"" which is ambiguous. It suggests that the rights under the contract may be transferred or assigned, but it does not specify whether both types of transfer are allowed or if one is intended over the other. This ambiguity could lead to disputes over the validity of a transfer or assignment without the obligor's consent.

Conclusion: The clause's ambiguity regarding the transferability and assignability of rights under the contract could result in legal uncertainty and potential disputes.",0.75,1.0,0.0,1.0,1.0,bad,Clause text is the two-word fragment 'transferable or assignable.' - unusable. Target fabricates a doctrinal distinction (transferable = assignable without consent; assignable = requires consent) that does not exist. Drop the row.
WORLDWIDESTRATEGIESINC_11_02_2005-EX-10-RESELLER AGREEMENT__Minimum Commitment_0,random,Minimum Commitment,WORLDWIDESTRATEGIESINC_11_02_2005-EX-10-RESELLER AGREEMENT,"Reseller acknowledges that meeting the Quotas is an           essential element of this Agreement and that this Agreement may be           terminated by TouchStar if, in TouchStar's reasonable opinion,           Reseller will not meet the Quotas during the Term or any extension           thereof.","Issue: The enforceability and implications of a minimum commitment clause in a contract.

Rule: In contract law, a minimum commitment clause obligates one party to meet specified performance standards. Failure to meet these standards can lead to the termination of the agreement by the other party, provided that the non-breaching party acts in good faith and has a reasonable basis for terminating the contract.

Application: The clause requires the Reseller to meet certain Quotas, which are deemed essential to the Agreement. TouchStar, as the non-breaching party, has the discretion to terminate the Agreement if it reasonably believes the Reseller will fail to meet these Quotas during the Term or any extension. This discretion is subject to TouchStar's reasonable opinion, indicating that the termination is conditional on the Reseller's performance.

Conclusion: The clause effectively imposes a minimum performance requirement on the Reseller and grants TouchStar the right to terminate the Agreement if the Reseller is expected to fail in meeting these requirements, based on TouchStar's reasonable judgment.",1.0,1.0,1.0,1.0,1.0,good,Accurate. Correctly ties the Quotas to the termination right and flags that it is gated on TouchStar's reasonable opinion.
MOELIS_CO_03_24_2014-EX-10.19-STRATEGIC ALLIANCE AGREEMENT__Anti-Assignment_0,random,Anti-Assignment,MOELIS_CO_03_24_2014-EX-10.19-STRATEGIC ALLIANCE AGREEMENT,"This Agreement may not be assigned by any party without the written consent of the other parties, except to a subsidiary or controlled affiliate of such party which succeeds such party's conduct of Covered Businesses.","Issue: The scope of permissible assignments under the anti-assignment clause.

Rule: An anti-assignment clause restricts the ability of a party to transfer its rights or obligations under a contract without the consent of the other parties. However, the clause may allow for certain limited assignments, such as to a subsidiary or affiliate, provided the assignee continues the same business activities.

Application: The clause in question prohibits any assignment without the written consent of the other parties, with a specific exception allowing for assignments to a subsidiary or controlled affiliate that continues the party's conduct of Covered Businesses. This exception is limited to the party's own subsidiaries or affiliates and requires that the assignee maintain the same business activities as the original party.

Conclusion: The clause effectively restricts general assignment but allows for a narrow exception that preserves the continuity of the party's business operations through its subsidiaries or affiliates.",1.0,1.0,1.0,1.0,1.0,good,Accurate. Correctly identifies the consent requirement and the narrow subsidiary/controlled-affiliate exception with its continuity condition.
ParatekPharmaceuticalsInc_20170505_10-KA_EX-10.29_10323872_EX-10.29_Outsourcing Agreement__Anti-Assignment_0,random,Anti-Assignment,ParatekPharmaceuticalsInc_20170505_10-KA_EX-10.29_10323872_EX-10.29_Outsourcing Agreement,"The Parties agree that the license grant contained in this Section 11.3 is personal to Supplier only and shall be exercised by Supplier only,","Issue: The clause restricts the ability of the Supplier to transfer or assign its rights under the license grant.

Rule: In contract law, a personal service or license grant is typically not freely assignable without the consent of the other party. This is to ensure that the quality of performance and specific terms of the agreement are maintained.

Application: The clause explicitly states that the license grant is ""personal to Supplier only"" and must be ""exercised by Supplier only."" This language indicates that the Supplier cannot transfer or assign its rights under this license without the other party's consent, aligning with the general rule that personal service or license grants are not freely assignable.

Conclusion: The clause effectively prevents the Supplier from assigning its license rights, ensuring that the Supplier must perform any obligations related to the license personally.",0.875,1.0,0.5,1.0,1.0,minor_issue,"Reading is right - the grant is personal to Supplier - but Application adds 'without the other party's consent', importing a consent mechanism the fragment does not contain. Small unsupported gloss."
"BLUEHILLSBANCORP,INC_05_20_2014-EX-1.1-AGENCY AGREEMENT__Minimum Commitment_0",random,Minimum Commitment,"BLUEHILLSBANCORP,INC_05_20_2014-EX-1.1-AGENCY AGREEMENT","In the event the Holding Company is unable to sell a minimum of 17,850,000 Shares within the period herein provided, this Agreement shall terminate and the Holding Company shall refund to any persons who have subscribed for any of the Shares the full amount which it may have received from them plus accrued interest, as set forth in the Prospectus; and none of the parties to this Agreement shall have any obligation to the other parties hereunder, except as set forth in this Section 2 and in Sections 7, 9 and 10 hereof. In the event the Offering is terminated for any reason not attributable to the action or inaction of the Agent, the Agent shall be paid the fees due to the date of such termination pursuant to subparagraphs (a) and (e) below.","Issue: Minimum Commitment Clause in Share Offering Agreement

Rule: Minimum commitment clauses in share offering agreements ensure that the issuer meets a specified sales target to validate the transaction. Failure to meet this target typically results in the termination of the agreement and a refund obligation.

Application: The clause requires the Holding Company to sell a minimum of 17,850,000 Shares within the specified period. If this target is not met, the Agreement terminates, and the Holding Company must refund the subscribers the full amount plus interest. The clause also specifies that the Agent is entitled to the fees due up to the termination date if the Offering is terminated for reasons not attributable to the Agent.

Conclusion: The clause effectively outlines the consequences of not meeting the minimum sales target, including termination of the Agreement and a refund obligation, while also ensuring the Agent is compensated for services rendered up to the termination date.",1.0,1.0,1.0,1.0,1.0,good,"Accurate on the minimum-sale condition, termination, refund-with-interest obligation, and the Agent fee carve-out."
AudibleInc_20001113_10-Q_EX-10.32_2599586_EX-10.32_Co-Branding Agreement_ Marketing Agreement_ Investment Distribution Agreement__Ip Ownership Assignment_1,low_rubric_score,Ip Ownership Assignment,AudibleInc_20001113_10-Q_EX-10.32_2599586_EX-10.32_Co-Branding Agreement_ Marketing Agreement_ Investment Distribution Agreement,"To the extent that any such ACSI Derivative Works or Company Derivative Works are not ""works made for hire"", Company hereby assigns and agrees to assign to ACSI (or such of its Affiliates as it may designate) all right, title and interest to all ACSI Derivative Works and all associated Intellectual Property Rights, and ACSI hereby assigns and agrees to assign to Company (or such of its Affiliates as it may designate) all right, title and interest in and to all Company Derivative Works and all associated Intellectual Property Rights. Each Party shall take, at the other Party's expense, any actions (including, without limitation, execution and delivery of affidavits and other documents) reasonably requested by such other Party to effect, perfect or confirm its or its designee's ownership rights as set forth in this Section 6.1.3  [Ownership].","Issue: Assignment of Intellectual Property Rights in Derivative Works

Rule: Under contract law, parties can assign their rights and obligations to each other. Intellectual property rights, including those in derivative works, can be assigned through clear and unambiguous language in a contract.

Application: The clause assigns all right, title, and interest in ACSI Derivative Works and associated Intellectual Property Rights to ACSI, and all right, title, and interest in Company Derivative Works and associated Intellectual Property Rights to the Company. Both parties agree to assign their respective rights to the other party, subject to the condition that the works are not ""works made for hire."" The parties also agree to take actions, at the other party's expense, to effect, perfect, or confirm these assignments.

Conclusion: The clause effectively assigns intellectual property rights in derivative works between the parties, subject to the ""work made for hire"" condition, and obligates both parties to cooperate in confirming these assignments.",0.75,1.0,0.0,1.0,1.0,good,"Accurate. Correctly captures the reciprocal present-and-future assignments, the not-WMFH condition precedent, and the further-assurances obligation."
PfHospitalityGroupInc_20150923_10-12G_EX-10.1_9266710_EX-10.1_Franchise Agreement1__Rofr/Rofo/Rofn_4,random,Rofr/Rofo/Rofn,PfHospitalityGroupInc_20150923_10-12G_EX-10.1_9266710_EX-10.1_Franchise Agreement1,"We have the right, exercisable within thirty (30) days after receipt of the notice specified in Section 14.2 [No Transfer without Our Prior Written Consent], to send written notice to you that we intend to purchase the interest proposed to be Transferred.","Issue: The nature and scope of the Right of First Refusal (ROFR) in the contract.

Rule: A Right of First Refusal (ROFR) is a contractual provision that gives the existing party the right to match any third-party offer to purchase a specific asset or interest before the seller can accept a sale to a third party. The ROFR must be exercised within a specified time frame, typically after receiving notice of the third-party offer.

Application: The clause specifies that the party has the right to purchase the interest proposed to be transferred within thirty (30) days after receiving a notice. This aligns with the general principle of ROFR, where the existing party is given the opportunity to match a third-party offer. The requirement to send a written notice to the other party within the specified time frame ensures that the existing party is informed and can decide whether to exercise this right.

Conclusion: The clause effectively establishes a ROFR, allowing the party to purchase the proposed interest within the given time frame after receiving notice of a third-party offer.",1.0,1.0,1.0,1.0,1.0,good,Accurate. Correctly identifies the 30-day exercise window and the notice trigger.
BUFFALOWILDWINGSINC_06_05_1998-EX-10.3-FRANCHISE AGREEMENT__Liquidated Damages_0,low_rubric_score,Liquidated Damages,BUFFALOWILDWINGSINC_06_05_1998-EX-10.3-FRANCHISE AGREEMENT,"You specifically acknowledge that our designated representative may take over, control, and operate the Franchised Restaurant, and that you will pay us a service fee of not less than TWO HUNDRED Dollars ($200) per day plus all travel expenses, room and board and other expenses reasonably incurred by such representative so long as it shall be required by the representative to enforce compliance herewith.","Issue: The applicability and enforceability of liquidated damages for service fees and related expenses in a franchise agreement.

Rule: Liquidated damages clauses are generally enforceable if they are a reasonable estimate of damages and not a penalty. The clause must be clear, specific, and not excessively punitive.

Application: The clause requires the franchisee to pay a service fee of at least $200 per day plus additional expenses for a representative to enforce compliance. This fee is not explicitly stated as a penalty but rather as a service fee, which could be interpreted as a reasonable estimate of the representative's costs. The inclusion of ""travel expenses, room and board, and other expenses reasonably incurred"" suggests that the fee is intended to cover the representative's actual costs, making it more likely to be seen as a reasonable estimate rather than a penalty.

Conclusion: The clause appears to be a liquidated damages provision that is designed to cover the costs incurred by the franchisor's representative to enforce compliance with the franchise agreement. Given the specific and reasonable nature of the fee and the inclusion of actual expenses, it is likely enforceable under general contract law principles.",0.75,1.0,0.0,1.0,1.0,minor_issue,"Strained fit. The $200/day plus actual expenses is cost reimbursement for a franchisor takeover, not a pre-estimate of loss; target concedes the expenses are actual costs yet still calls it a reasonable estimate of damages. Those two things cannot both be true of the same charge."
BloomEnergyCorp_20180321_DRSA (on S-1)_EX-10_11240356_EX-10_Maintenance Agreement__Minimum Commitment_1,low_rubric_score,Minimum Commitment,BloomEnergyCorp_20180321_DRSA (on S-1)_EX-10_11240356_EX-10_Maintenance Agreement,If the Minimum Efficiency Level has,"Issue: Minimum Commitment Clauses in Contracts

Rule: Minimum commitment clauses are enforceable agreements that require one party to fulfill a minimum level of service or performance over a specified period.

Application: The clause text suggests a requirement for a ""Minimum Efficiency Level,"" which implies a performance standard that must be met. The use of ""If"" suggests a conditional trigger for the commitment, possibly related to achieving a certain level of efficiency.

Conclusion: The clause requires the party to ensure that a minimum efficiency level is met, subject to a specific condition.",0.75,1.0,0.0,1.0,1.0,bad,"Clause is truncated mid-sentence ('If the Minimum Efficiency Level has') with no operative content. Target generates a full IRAC anyway, inferring a performance obligation that is not in the text. Drop the row."
ACCURAYINC_09_01_2010-EX-10.31-DISTRIBUTOR AGREEMENT__Uncapped Liability_0,random,Uncapped Liability,ACCURAYINC_09_01_2010-EX-10.31-DISTRIBUTOR AGREEMENT,"WITHOUT AFFECTING STRICT PRODUCT LIABILITY UNDER MANDATORY APPLICABLE LAW,  SECTION 10, OR THE RESPECTIVE OBLIGATIONS OF THE PARTIES UNDER THE CONFIDENTIAILITY AGREEMENT AND  EXCEPT FOR BREACHES ASSOCIATED WITH THE UNAUTHORIZED USE OF INTELLECTUAL PROPERTY, IN NO EVENT  SHALL EITHER PARTY BE LIABLE TO THE OTHER PARTY FOR SPECIAL, INCIDENTAL, CONSEQUENTIAL, PUNITIVE OR  TORT DAMAGES, INCLUDING WITHOUT LIMITATION, ANY DAMAGES RESULTING FROM LOSS OF USE, LOSS OF DATA,  LOSS OF PROFITS OR LOSS OF BUSINESS ARISING OUT OF OR IN CONNECTION WITH THE MATTERS CONTEMPLATED  BY THIS AGREEMENT, WHETHER OR NOT A PARTY HAS BEEN ADVISED OF THE POSSIBILITY OF SUCH DAMAGES.","Issue: The scope and limitations of liability in a contract with an uncapped liability clause.

Rule: Contract law generally allows parties to limit or exclude liability for certain types of damages, provided such limitations are clear and unambiguous. Courts typically enforce such clauses unless they are found to be unconscionable or against public policy.

Application: The clause limits liability to the extent that it excludes special, incidental, consequential, punitive, and tort damages, except for those arising from unauthorized use of intellectual property. It specifically excludes damages such as loss of use, data, profits, or business. The clause also acknowledges the existence of product liability and confidentiality obligations, indicating that these may not be subject to the same limitations.

Conclusion: The clause effectively limits the liability of the parties to this agreement, excluding certain types of damages, but retains product liability and confidentiality obligations.",1.0,1.0,1.0,1.0,1.0,good,"Accurate. Correctly reads the exclusion of indirect/consequential damages and the carve-outs for strict product liability, confidentiality, and IP misuse."
BLUEFLYINC_03_27_2002-EX-10.27-e-business Hosting Agreement__Third Party Beneficiary_0,low_rubric_score,Third Party Beneficiary,BLUEFLYINC_03_27_2002-EX-10.27-e-business Hosting Agreement,"Except as expressly provided in Section 8, this Agreement does not create any intended third party beneficiary rights.","Issue: The effect of a clause that limits third party beneficiary rights in a contract.

Rule: Generally, a contract may be structured to limit or deny third party beneficiary rights, unless the contract explicitly provides for such rights. Courts will interpret such clauses to honor the parties' intent to exclude third party beneficiaries unless the contract language is ambiguous or the exclusion is unreasonably broad.

Application: The clause explicitly limits third party beneficiary rights by stating that the agreement does not create any intended third party beneficiary rights ""except as expressly provided in Section 8."" This means that any third party beneficiary rights must be specifically outlined in Section 8, and otherwise, no third party has rights under this agreement.

Conclusion: The clause effectively limits third party beneficiary rights to those specifically mentioned in Section 8, thereby ensuring that the agreement's benefits are not extended to unintended third parties without explicit agreement.",0.75,1.0,0.0,1.0,1.0,good,Accurate and appropriately scoped to the Section 8 exception.
PlayboyEnterprisesInc_20090220_10-QA_EX-10.2_4091580_EX-10.2_Content License Agreement_ Marketing Agreement_ Sales-Purchase Agreement1__License Grant_6,random,License Grant,PlayboyEnterprisesInc_20090220_10-QA_EX-10.2_4091580_EX-10.2_Content License Agreement_ Marketing Agreement_ Sales-Purchase Agreement1,"Client holds certain customer data relating to the Playboy Commerce Business (""Existing  Customer Data"") and hereby grants to EFS a non-exclusive, limited, non-sublicensable, non-transferable, revocable license to  store and use such Existing Customer Data solely for purposes of the operation and promotion of the Playboy Commerce","Issue: The nature and scope of the license granted by the client to EFS for the use of existing customer data.

Rule: In contract law, a license is a grant of permission to use intellectual property or other assets, subject to certain limitations. Licenses can be exclusive or non-exclusive, and can include restrictions on sub-licensing, transfer, and revocability.

Application: The client grants EFS a non-exclusive, limited, and revocable license to store and use the Existing Customer Data. This license is non-sublicensable and non-transferable, indicating that EFS cannot further grant this permission to third parties or transfer this right to another entity. The license is specifically for the operation and promotion of the Playboy Commerce Business, limiting its scope to these purposes only.

Conclusion: The client retains significant control over the use of the Existing Customer Data, as the license is revocable and non-transferable, and is limited to specific operations and promotions related to Playboy Commerce.",1.0,1.0,1.0,1.0,1.0,good,"Accurate. Enumerates each license limitation (non-exclusive, limited, non-sublicensable, non-transferable, revocable) and the purpose restriction."
INTERNATIONALFASTFOODCORP_04_04_1997-EX-99-FRANCHISE AGREEMENT__Rofr/Rofo/Rofn_7,random,Rofr/Rofo/Rofn,INTERNATIONALFASTFOODCORP_04_04_1997-EX-99-FRANCHISE AGREEMENT,The  election by BKC not to exercise its right of first  refusal as to any offer shall not affect its right of first refusal as to any subsequent offer.,"Issue: The interpretation of a right of first refusal (RoFR) clause in a contract.

Rule: In contract law, a right of first refusal (RoFR) is a contractual provision that gives a party the right to match any third-party offer to purchase a specific asset or interest. The clause in question pertains to the non-forfeiture of the RoFR after a party declines an initial offer.

Application: BKC's decision not to exercise its RoFR on a particular offer does not preclude it from exercising its RoFR on a subsequent offer. This means that BKC retains the option to match any future offers made to the asset or interest in question, regardless of its previous decision.

Conclusion: Therefore, BKC's inaction on one offer does not invalidate its potential to respond to and accept a future offer, maintaining the integrity of the RoFR provision.",0.875,1.0,0.5,1.0,1.0,good,Accurate. Correctly reads the non-waiver effect: declining one offer does not exhaust the ROFR as to later offers.
ArcaUsTreasuryFund_20200207_N-2_EX-99.K5_11971930_EX-99.K5_Development Agreement__Renewal Term_0,low_rubric_score,Renewal Term,ArcaUsTreasuryFund_20200207_N-2_EX-99.K5_11971930_EX-99.K5_Development Agreement,"This Agreement shall continue in effect for two years from the date hereof, and thereafter shall continue automatically for successive annual periods, provided that such continuance is specifically approved at least annually by (A) the vote of the Board, or by the vote of a majority of the outstanding voting securities of the Fund and (B) the vote of a majority of the Fund's directors who are not parties to this Agreement or ""interested persons"" (as such term is defined in Section 2(a)(19) of the Investment Fund Act) of any such party, in accordance with the requirements of the Investment Fund Act.","Issue: The conditions under which the agreement will renew automatically and the requirement for annual approval.

Rule: Under standard contract law, automatic renewal clauses must be clearly defined and subject to periodic review or approval by the relevant parties. The renewal must be mutually agreeable and cannot be unilaterally imposed without proper notice and consent.

Application: The clause requires that the agreement continue automatically for successive annual periods, but this continuance is subject to specific conditions. These conditions include the approval of the Board, a majority of the outstanding voting securities of the Fund, and a majority of the Fund's directors who are not parties to the agreement or ""interested persons."" This ensures that the renewal is not unilaterally imposed and that it aligns with the interests of the Fund's shareholders and non-interested directors.

Conclusion: The clause effectively balances the automatic renewal aspect with the need for periodic approval, ensuring that the agreement's continuation is not solely at the discretion of one party and is aligned with the interests of the Fund and its shareholders.",0.75,1.0,0.0,1.0,1.0,good,Accurate. Correctly conditions the automatic renewal on the two annual approval requirements including the disinterested-director vote.
MRSFIELDSORIGINALCOOKIESINC_01_29_1998-EX-10-FRANCHISE AGREEMENT__Anti-Assignment_1,random,Anti-Assignment,MRSFIELDSORIGINALCOOKIESINC_01_29_1998-EX-10-FRANCHISE AGREEMENT,"Accordingly, Franchisee agrees no Transfer shall be made without Pretzel Time's prior written approval.","Issue: The legality and enforceability of a clause prohibiting the assignment of a franchise agreement without the franchisor's prior written approval.

Rule: Under contract law, parties can agree to restrict or prohibit the assignment of their rights and obligations. Such restrictions are enforceable as long as they are not unconscionable, overly broad, or violate public policy.

Application: The clause in question restricts the Franchisee's ability to Transfer their rights under the agreement without Pretzel Time's prior written approval. This restriction is clear and unambiguous, aligning with the general principle that parties can agree to control the assignment of their rights. However, the clause does not specify what constitutes a Transfer, which could lead to disputes over the interpretation of the term.

Conclusion: The clause is enforceable as it is a valid restriction on the assignment of rights under the franchise agreement. The Franchisee must obtain Pretzel Time's prior written approval before any Transfer, and the agreement should be clear about the definition of a Transfer to avoid ambiguity.",0.972,1.0,0.889,1.0,1.0,good,"Accurate, and correctly notes that 'Transfer' is undefined within the excerpt (it is defined elsewhere in the contract, which is a fragment artifact rather than a drafting defect)."
CardlyticsInc_20180112_S-1_EX-10.16_11002987_EX-10.16_Maintenance Agreement1__Audit Rights_18,random,Audit Rights,CardlyticsInc_20180112_S-1_EX-10.16_11002987_EX-10.16_Maintenance Agreement1,Such audits may be on a rotating site basis where operations and procedures of Supplier services provided to Bank of America are in multiple locations in order to confirm that Supplier is in compliance in all aspects of the Agreement Supplier shall provide Bank of America with a copy of each report prepared in connection with each such audit within thirty (30) calendar days after it receives such report.,"Issue: The scope and requirements of the audit rights and reporting obligations in the contract.

Rule: Contracts often include provisions for audits to ensure compliance with the terms of the agreement. These provisions typically outline the frequency, scope, and reporting requirements for the audit findings. The supplier is required to provide the auditor with access to multiple locations and to report on any audit findings.

Application: The clause mandates that the audits can be conducted at rotating sites where the supplier provides services to Bank of America. The supplier must provide Bank of America with a copy of each audit report within thirty calendar days of receiving the report. This ensures that Bank of America is informed of any issues or findings from the audits promptly.

Conclusion: The clause effectively establishes a mechanism for Bank of America to monitor the supplier’s compliance with the agreement through regular audits and requires the supplier to promptly share audit reports, thereby ensuring transparency and accountability.",1.0,1.0,1.0,1.0,1.0,good,Accurate on rotating-site audits and the 30-day report delivery obligation.
ADAMSGOLFINC_03_21_2005-EX-10.17-ENDORSEMENT AGREEMENT__Minimum Commitment_1,low_rubric_score,Minimum Commitment,ADAMSGOLFINC_03_21_2005-EX-10.17-ENDORSEMENT AGREEMENT,"In each and every calendar year of this Agreement, CONSULTANT shall achieve a satisfactory record of play in a minimum of [* ****] professional golf association events on the SPGA and/or PGA tour (which shall include both the PGA and SPGA Tour Skins Games).","Issue: The enforceability of a minimum commitment clause in a contract.

Rule: Minimum commitment clauses are enforceable as long as they are clear, specific, and do not impose an unconscionable burden on the party obligated to perform.

Application: The clause requires the CONSULTANT to participate in a minimum number of professional golf association events on the SPGA and PGA tours. The clause is specific regarding the number of events and the tours included. However, it does not specify what constitutes a ""satisfactory record of play,"" which could lead to disputes over performance evaluation.

Conclusion: The clause is generally enforceable but may be subject to interpretation regarding the definition of a ""satisfactory record of play.""",0.75,1.0,0.0,1.0,1.0,good,"Accurate, and correctly identifies 'satisfactory record of play' as the undefined term that would drive any dispute."
BIOAMBERINC_04_10_2013-EX-10.34-DEVELOPMENT AGREEMENT (1)__Audit Rights_0,low_rubric_score,Audit Rights,BIOAMBERINC_04_10_2013-EX-10.34-DEVELOPMENT AGREEMENT (1),Bioamber shall have the right to audit Cargill time sheets from time to time.,"Issue: The scope and enforceability of audit rights in a contract.

Rule: Contract law generally recognizes the enforceability of audit rights, provided they are clearly defined and do not violate public policy or statutory restrictions. Such rights must be specific regarding the scope, frequency, and conditions under which audits can be conducted.

Application: The clause grants Bioamber the right to audit Cargill's time sheets ""from time to time,"" which is a vague and potentially broad scope. This could be interpreted as allowing audits at any point during the contract term, without specific notice or justification, which may be overly permissive. The lack of defined frequency or conditions for the audits could lead to disputes over the legitimacy and scope of any audit.

Conclusion: The clause is enforceable but may be subject to interpretation regarding the extent of Bioamber's audit rights. Clarification on the frequency and conditions of audits would help to avoid potential disputes.",0.75,1.0,0.0,1.0,1.0,good,Accurate. Correctly flags 'from time to time' as an undefined frequency and notes the practical consequence.
LOYALTYPOINTINC_11_16_2004-EX-10.2-RESELLER AGREEMENT__Insurance_0,random,Insurance,LOYALTYPOINTINC_11_16_2004-EX-10.2-RESELLER AGREEMENT,"Schoolpop shall, during the term of this Agreement, at its own                   cost and expense, procure with sound and reputable insurers,                   the following insurance coverage's: (i) Workers' Compensation                   Insurance in an amount not less than the statutory limits for                   the state(s), country or province in where the services are to                   be performed; (ii) Employer's Liability Insurance not less                   than (a) $100,000 per occurrence, and not less than $100,000                   aggregate limit of liability per policy year for disease,                   including death at any time resulting therefrom, not caused by                   accident or (b) such amount as required by law, whichever is                   higher; (iii) Comprehensive General Liability Insurance,                   including blanket extended coverage against all hazards,                   including personal injury and death resulting therefrom, for                   not less than $1,000,000 per occurrence, and not less than                   $2,000,000 aggregate; (iv) Automobile Liability insurance                   against liability arising from the maintenance or use of all                   owned, non-owned and hired automobiles and trucks used to                   provide services, with (a) a minimum limit of liability for                   bodily injury of $1,000,000 in the aggregate, and with a                   minimum limit of liability for property damage of $500,000 per                   accident, or (b) amount as required by law, whichever is                   higher; and (v) fidelity or crime policy of not less than                   $3,000,000 in the aggregate against misappropriation and/or                   destruction of Cards.","Issue: Obligations of Schoolpop under the insurance clause.

Rule: Under contract law, a party must perform their contractual obligations in a manner that is reasonable and in compliance with the terms agreed upon. For insurance clauses, this includes ensuring that the required coverage is obtained and maintained throughout the term of the agreement.

Application: Schoolpop is required to obtain and maintain specific types of insurance coverage at its own cost and expense. These include Workers' Compensation, Employer's Liability, Comprehensive General Liability, Automobile Liability, and Fidelity or Crime policies. The coverage amounts must meet or exceed statutory limits and specific monetary requirements as outlined in the clause.

Conclusion: Schoolpop must ensure that all the specified insurance policies are in place and that they meet the required coverage limits during the term of the agreement. Failure to do so would constitute a breach of contract.",1.0,1.0,1.0,1.0,1.0,good,Accurate. Faithfully enumerates all five coverage types and the floor amounts without inventing any.
GarrettMotionInc_20181001_8-K_EX-2.4_11364532_EX-2.4_Intellectual Property Agreement__Affiliate License-Licensee_2,random,Affiliate License-Licensee,GarrettMotionInc_20181001_8-K_EX-2.4_11364532_EX-2.4_Intellectual Property Agreement,"Hence, as of the Distribution Date, SpinCo hereby grants, and agrees to cause the members of the SpinCo Group to hereby grant, to Honeywell and the members of the Honeywell Group a non-exclusive, royalty-free, fully-paid, perpetual, sublicenseable (solely to Subsidiaries and suppliers for ""have made"" purposes), worldwide license to use and exercise rights under the SpinCo Shared IP (excluding Trademarks and the subject matter of any other Ancillary Agreement), said license being limited to use of a similar type, scope and extent as used in the Honeywell Business prior to the Distribution Date and the natural growth and development thereof.","Issue: Scope of License Grant in Affiliate License-Licensee Agreements

Rule: In affiliate license-licensee agreements, the granting party must clearly define the scope, exclusivity, and limitations of the license to ensure compliance with antitrust laws and to avoid potential misuse of intellectual property.

Application: The clause grants Honeywell and its affiliates a non-exclusive, royalty-free, fully-paid, perpetual, and sublicenseable license to use the SpinCo Shared IP, excluding Trademarks and other ancillary agreements. The license is limited to similar use as in the Honeywell Business prior to the Distribution Date and its natural growth. This restriction ensures that the license does not exceed the scope of the pre-Distribution use, aligning with the principle of not diluting the value of the licensed IP.

Conclusion: The clause effectively limits the license to the pre-existing use and natural growth of the Honeywell Business, thereby avoiding potential antitrust issues and ensuring the license remains within a reasonable and defined scope.",1.0,1.0,1.0,1.0,1.0,minor_issue,"Scope summary is accurate, but the Rule and Conclusion both hang the analysis on antitrust compliance, which is nowhere in the clause and is not what a field-of-use limitation in an IP separation agreement is doing. Irrelevant legal frame grafted onto a correct reading."
CHANGEPOINTCORP_03_08_2000-EX-10.6-LICENSE AND HOSTING AGREEMENT__Source Code Escrow_2,low_rubric_score,Source Code Escrow,CHANGEPOINTCORP_03_08_2000-EX-10.6-LICENSE AND HOSTING AGREEMENT,This,"Issue: What obligations does this clause impose on the parties regarding source code escrow?

Rule: In software licensing and development contracts, source code escrow clauses are designed to ensure that the source code remains accessible in the event of a default by the licensor or developer. The clause typically obligates the licensor to deposit the source code with an escrow agent to be released under certain conditions.

Application: The clause text provided is incomplete and does not specify the obligations of the parties. It lacks details such as who is responsible for depositing the source code, the conditions under which the code can be released, and the identity of the escrow agent. Without these specifics, the clause does not clearly define the parties' obligations.

Conclusion: The incomplete nature of the clause makes it unclear how the parties' obligations regarding source code escrow are to be fulfilled.",0.75,1.0,0.0,1.0,1.0,bad,"Clause text is the single word 'This'. The target's own Application admits there is nothing to analyze, which is the honest answer but makes the row unusable - it teaches four paragraphs of output for an empty input. Drop the row and fix the upstream chunker."
BLACKBOXSTOCKSINC_08_05_2014-EX-10.1-DISTRIBUTOR AGREEMENT__Anti-Assignment_1,random,Anti-Assignment,BLACKBOXSTOCKSINC_08_05_2014-EX-10.1-DISTRIBUTOR AGREEMENT,Distributor shall not assign this Agreement or any rights or obligations hereunder without the prior written consent of the Company.,"Issue: The legality and enforceability of a clause prohibiting the assignment of contractual rights without consent.

Rule: Under general contract law, parties may include provisions to restrict or prohibit the assignment of their rights and obligations under a contract. Such provisions are enforceable as long as they do not violate public policy or statutory prohibitions.

Application: The clause in question prohibits the Distributor from assigning the Agreement or any rights or obligations under it without the Company's prior written consent. This aligns with the general principle that parties can restrict the transferability of their rights and obligations. The requirement for prior written consent ensures that the Company retains control over who can benefit from the Distributor's rights under the Agreement.

Conclusion: The clause is enforceable as it restricts the Distributor's ability to assign the Agreement without the Company's consent, which is a valid contractual term under general contract law principles.",1.0,1.0,1.0,1.0,1.0,good,Accurate and appropriately brief for a standard consent-to-assign provision.
CORIOINC_07_20_2000-EX-10.5-LICENSE AND HOSTING AGREEMENT__Cap On Liability_1,low_rubric_score,Cap On Liability,CORIOINC_07_20_2000-EX-10.5-LICENSE AND HOSTING AGREEMENT,The foregoing are         Corio's sole and exclusive remedies for breach of product warranty.,"Issue: The scope and effect of a cap on liability clause in a contract.

Rule: A cap on liability clause typically limits the maximum amount of damages a party can recover from the other party, and it often serves to exclude or limit remedies for breach of warranty.

Application: The clause states that the remedies for breach of product warranty are ""Corio's sole and exclusive remedies."" This language suggests that the remedies are limited to those specifically mentioned and do not include any other remedies that might be available under general contract law or other provisions of the contract. It effectively caps the remedies for breach of warranty to the ones explicitly stated, thereby limiting Corio's recourse in case of a breach.

Conclusion: The clause restricts Corio's remedies for product warranty breaches to only those explicitly stated, thus limiting the extent of liability for the breaching party.",0.75,1.0,0.0,1.0,1.0,minor_issue,Conflates two distinct concepts. This is an exclusive-remedies provision; a cap on liability limits the amount recoverable. The Rule blends them ('a cap on liability ... often serves to exclude or limit remedies'). The reading of the clause itself is right.
"ARMSTRONGFLOORING,INC_01_07_2019-EX-10.2-INTELLECTUAL PROPERTY AGREEMENT__Non-Transferable License_1",low_rubric_score,Non-Transferable License,"ARMSTRONGFLOORING,INC_01_07_2019-EX-10.2-INTELLECTUAL PROPERTY AGREEMENT","Subject to the terms and conditions of this Agreement, Arizona hereby grants to the Company a limited, non- exclusive, royalty-free, non-sublicensable (except as set forth in Section 7.1), non-assignable (except as set forth in Section 13.2) license in, to and under the Diamond Licensed Trademarks for the Diamond Trademark License Term for use with respect to the Diamond Product throughout the world only in the form and manner set forth on Schedule 6.2.","Issue: What does the ""non-assignable"" clause imply in the context of the license granted by Arizona to the Company?

Rule: In contract law, a non-assignable clause restricts the transferability of a contract or a right under a contract to a third party without the consent of the other party. This ensures that the rights and obligations under the contract remain with the original parties.

Application: The clause states that the license is ""non-assignable (except as set forth in Section 13.2)."" This means that the Company cannot transfer its rights to use the Diamond Licensed Trademarks to another party without Arizona's explicit consent. However, the clause allows for exceptions as detailed in Section 13.2, which must be consulted to understand the specific conditions under which assignment is permitted.

Conclusion: The ""non-assignable"" clause in the contract ensures that the Company cannot unilaterally transfer its rights to use the Diamond Licensed Trademarks to another entity, thereby maintaining Arizona's control over who can use these trademarks.",0.75,1.0,0.0,1.0,1.0,good,Accurate. Correctly reads the non-assignable restriction and the Section 13.2 exception without over-claiming what that section says.
ATMOSENERGYCORP_11_22_2002-EX-10.17-TRANSPORTATION SERVICE AGREEMENT__Minimum Commitment_0,low_rubric_score,Minimum Commitment,ATMOSENERGYCORP_11_22_2002-EX-10.17-TRANSPORTATION SERVICE AGREEMENT,"Quantity of capacity to be released: Max 13,370 Dfli/Day,                                Min 13,370 DthDay.","Issue: The interpretation of minimum commitment clause in a contract.

Rule: Minimum commitment clauses typically establish the least amount of service or product that must be provided or used by the parties under the contract. These clauses are enforceable as long as they are clear and unambiguous.

Application: The clause specifies a minimum commitment of 13,370 Dfli/Day and 13,370 DthDay. The use of ""Max"" and ""Min"" terms is unusual and potentially confusing. The clause likely intends to set a minimum quantity requirement for the service or product to be provided, but the inclusion of ""Max"" before the minimum quantity may lead to ambiguity.

Conclusion: The clause should be clarified to remove the ""Max"" term and to specify that it sets the minimum quantity commitment for both Dfli/Day and DthDay.",0.75,1.0,0.0,1.0,1.0,minor_issue,"Conclusion gives wrong advice. Max = Min = 13,370 is a fixed release quantity, which is meaningful, not an error to be 'clarified' by removing 'Max'. Also misses that 'Dfli/Day' vs 'DthDay' is an OCR artifact of Dth/Day. Note: this clause is duplicated in the sample under Volume Restriction."
LinkPlusCorp_20050802_8-K_EX-10_3240252_EX-10_Affiliate Agreement__Joint Ip Ownership_1,random,Joint Ip Ownership,LinkPlusCorp_20050802_8-K_EX-10_3240252_EX-10_Affiliate Agreement,described and mutually agreed in writing as                            amendments to this Agreement.,"Issue: The clarity and enforceability of the joint IP ownership clause.

Rule: Contract law requires clear and unambiguous terms to ensure the mutual understanding and enforceability of the agreement. Joint ownership of intellectual property typically requires a written description of the contributions and rights of each party.

Application: The clause as written is incomplete and lacks specificity. It merely refers to ""amendments to this Agreement"" without defining what those amendments entail. This vagueness could lead to disputes regarding the scope of joint ownership.

Conclusion: The clause needs to be revised to include a clear description of the joint IP ownership, including the specific contributions of each party, to ensure clarity and enforceability.",1.0,1.0,1.0,1.0,1.0,bad,"Clause is a trailing fragment ('described and mutually agreed in writing as amendments to this Agreement.') with no joint-ownership content. Target correctly says it is incomplete, but then produces drafting recommendations for a clause it cannot see. Unusable row; rubric scored it 1.0, which is a clear rubric miss."
"BERKELEYLIGHTS,INC_06_26_2020-EX-10.12-COLLABORATION AGREEMENT__Irrevocable Or Perpetual License_0",low_rubric_score,Irrevocable Or Perpetual License,"BERKELEYLIGHTS,INC_06_26_2020-EX-10.12-COLLABORATION AGREEMENT",(c) the licenses granted to Ginkgo from BLI in Section 9.1.1 (Scope of Grants) and 9.1.2 (License Grant to Exploit [***]) shall survive and become perpetual and irrevocable;,"Issue: Whether a license granted in a contract can be described as irrevocable and perpetual.

Rule: Under contract law, a license is a grant of permission to use intellectual property or other assets. For a license to be considered irrevocable and perpetual, it must explicitly state that it will survive the termination of the contract and remain in effect indefinitely without the licensor's ability to revoke it.

Application: The clause explicitly states that the licenses granted to Ginkgo from BLI shall ""survive and become perpetual and irrevocable."" This means that once granted, these licenses will continue to be in effect indefinitely and cannot be revoked by BLI, even if the underlying contract is terminated.

Conclusion: The clause effectively creates irrevocable and perpetual licenses for Ginkgo, subject to the terms and conditions of the contract, as no conditions are specified for revocation or termination of these licenses.",0.75,1.0,0.0,1.0,1.0,good,Accurate. Correctly reads the survival plus perpetual-and-irrevocable conversion on termination.
ArtaraTherapeuticsInc_20200110_8-K_EX-10.5_11943350_EX-10.5_License Agreement__Rofr/Rofo/Rofn_0,low_rubric_score,Rofr/Rofo/Rofn,ArtaraTherapeuticsInc_20200110_8-K_EX-10.5_11943350_EX-10.5_License Agreement,"Richard Smith, MD will be given first consideration as a principal investigator for all new Product or Product- related clinical studies, in addition to other sites provided final site selection will be based on the best interest of the Project.","Issue: The clause addresses the priority of a specific individual, Richard Smith, MD, in being considered as a principal investigator for new clinical studies.

Rule: In contract law, particularly in the context of research and development agreements, clauses that grant a party preferential treatment must be clearly and unambiguously stated to avoid ambiguity and potential breach of contract claims.

Application: The clause grants Richard Smith, MD, first consideration as a principal investigator for all new Product or Product-related clinical studies. This preference is subject to the condition that final site selection must be based on the best interest of the Project. The clause does not specify the extent of this preference or the criteria for determining the best interest of the Project, which could lead to disputes over the interpretation of ""best interest.""

Conclusion: The clause provides Richard Smith, MD, with a preferential position as a principal investigator, but the lack of specific criteria for determining the best interest of the Project may create ambiguity and potential legal challenges.",0.75,1.0,0.0,1.0,1.0,good,"Accurate. Correctly characterizes 'first consideration' as a soft preference subject to the best-interest override, and flags the undefined standard."
"MJBIOTECH,INC_12_06_2018-EX-99.01-JOINT VENTURE AGREEMENT__Audit Rights_2",random,Audit Rights,"MJBIOTECH,INC_12_06_2018-EX-99.01-JOINT VENTURE AGREEMENT",Not more than one (1) audit will be required by any or all of the Participants for any fiscal year.,"Issue: The scope and limitations of audit rights among the Participants in a contract.

Rule: Contractual clauses that limit the number of audits to one per fiscal year are common and enforceable, provided they are clear and unambiguous.

Application: The clause limits the number of audits to one for any fiscal year. It does not specify whether this applies to all Participants collectively or to each Participant individually. The phrase ""any or all of the Participants"" suggests a collective limitation rather than individual limits for each Participant.

Conclusion: The clause effectively caps the total number of audits to one per fiscal year for all Participants combined, but it is unclear if this applies to each Participant individually or collectively.",1.0,1.0,1.0,1.0,1.0,minor_issue,"Conclusion contradicts itself in a single sentence: states the cap applies to all Participants combined, then says it is unclear whether it is individual or collective. Pick one. rubric_no_contradiction=1.0 missed this."
"CERES,INC_01_25_2012-EX-10.20-Collaboration Agreement__Anti-Assignment_2",low_rubric_score,Anti-Assignment,"CERES,INC_01_25_2012-EX-10.20-Collaboration Agreement","This Agreement binds and enures to the benefit of the Parties, their successor or assigns, but may not be assigned by either  Party without the prior written consent of the other Party; provided however, CERES shall have the right to assign its rights and obligations under  this Agreement to any AFFILIATED COMPANY without such prior consent.","Issue: The scope of assignment restrictions in the contract and exceptions for affiliates.

Rule: Generally, a contract may include provisions that restrict the assignment of rights and obligations without the consent of the other party. However, such restrictions must be clearly stated and are subject to the principle of reasonableness. Exceptions to these restrictions are permissible, particularly for assignments between related entities.

Application: The clause restricts the assignment of rights and obligations by either party without the other's consent. However, it allows CERES to assign its rights and obligations to an affiliated company without such consent. This exception is specifically defined as an assignment to an ""AFFILIATED COMPANY.""

Conclusion: The clause effectively restricts assignment while allowing a specific exception for assignments to affiliated companies, which is a common practice in contract law to maintain control over the contractual relationship.",0.75,1.0,0.0,1.0,1.0,good,Accurate. Correctly captures the mutual consent requirement and the one-sided CERES affiliate exception.
ATMOSENERGYCORP_11_22_2002-EX-10.17-TRANSPORTATION SERVICE AGREEMENT__Volume Restriction_0,random,Volume Restriction,ATMOSENERGYCORP_11_22_2002-EX-10.17-TRANSPORTATION SERVICE AGREEMENT,"Quantity of capacity to be released: Max 13,370 Dfli/Day,                                Min 13,370 DthDay.","Issue: The interpretation of volume restriction clauses in contracts.

Rule: Volume restriction clauses typically limit the maximum and minimum quantities that can be delivered or produced, ensuring neither party breaches the agreed-upon limits.

Application: The clause specifies a maximum and minimum quantity of 13,370 Dfli/Day and 13,370 DthDay, respectively. This indicates that the contract is likely for the delivery or production of a specific commodity, where Dfli and DthDay are units of measurement. The contract ensures that the quantity does not fall below or exceed these limits.

Conclusion: The clause effectively restricts the volume of the commodity to be released within a daily limit, ensuring compliance with the agreed-upon quantities.",0.875,1.0,0.5,1.0,1.0,minor_issue,"Describes max and min as though they bound a range when both values are 13,370, i.e. a fixed quantity. Also repeats the Dfli/DthDay unit inconsistency without noting it. Duplicate of the clause reviewed under Minimum Commitment - dedupe before training."
SENMIAOTECHNOLOGYLTD_02_19_2019-EX-10.5-Collaboration Agreement__Liquidated Damages_7,random,Liquidated Damages,SENMIAOTECHNOLOGYLTD_02_19_2019-EX-10.5-Collaboration Agreement,"In this case, Party B shall pay additional deposit equivalent to the liquidated damages when it pays the liquidated damages.","Issue: The interpretation of a clause that requires the payment of both liquidated damages and an additional deposit.

Rule: Under contract law, liquidated damages are a pre-arranged sum intended to cover a specific type of loss or damage that would be difficult to prove or quantify after a breach. However, requiring the payment of both liquidated damages and an additional deposit is generally seen as an attempt to collect more than the actual loss, which may be considered a penalty and thus unenforceable.

Application: The clause requires Party B to pay an additional deposit equivalent to the liquidated damages when it pays the liquidated damages. This means that Party B must pay twice the amount of the liquidated damages, which could be seen as an attempt to collect a penalty rather than just liquidated damages. The requirement for an additional deposit may be viewed as an excessive punitive measure, which could render the clause unenforceable.

Conclusion: The clause may be unenforceable as it requires the payment of an additional deposit equivalent to the liquidated damages, potentially making it a penalty rather than a liquidated damages clause.",0.964,1.0,0.857,1.0,1.0,minor_issue,"Plausible but likely misread. 'Additional deposit equivalent to the liquidated damages' most likely means topping the security deposit back up after it is drawn down, not a double payment; target builds an unenforceable-penalty conclusion on the double-payment reading. Fragment gives no context either way, so the confident conclusion is not warranted."
AudibleInc_20001113_10-Q_EX-10.32_2599586_EX-10.32_Co-Branding Agreement_ Marketing Agreement_ Investment Distribution Agreement__Anti-Assignment_1,low_rubric_score,Anti-Assignment,AudibleInc_20001113_10-Q_EX-10.32_2599586_EX-10.32_Co-Branding Agreement_ Marketing Agreement_ Investment Distribution Agreement,substantially all of its assets relating to the Spoken-Word Audio Sub-Section; provided that the assignee agrees in writing to be bound by all the terms and conditions of this Agreement.,"Issue: The scope and enforceability of the anti-assignment clause in relation to the assignment of assets.

Rule: Anti-assignment clauses are generally enforceable to prevent the assignment of certain rights or obligations without the consent of the other party. The clause must be clear and specific regarding the rights it seeks to protect.

Application: The clause restricts the assignment of ""substantially all of its assets relating to the Spoken-Word Audio Sub-Section,"" which is a specific and limited scope. The assignee must also agree in writing to be bound by all terms and conditions of the Agreement, ensuring that the assignee is fully aware of and agrees to the terms.

Conclusion: The clause effectively limits the assignment of specific assets and requires written agreement from the assignee, thereby fulfilling the primary purpose of an anti-assignment clause.",0.75,1.0,0.0,1.0,1.0,bad,"Inverted. This fragment is the permitted-assignment exception (assignment of substantially all assets, provided the assignee assumes the agreement); target reads it as the restriction itself and says the clause 'restricts the assignment' of those assets. Drop or regenerate."
"HOSPITALITYINVESTORSTRUST,INC_04_07_2014-EX-10.26-FRANCHISE AGREEMENT__Governing Law_0",random,Governing Law,"HOSPITALITYINVESTORSTRUST,INC_04_07_2014-EX-10.26-FRANCHISE AGREEMENT","The Parties agree that, except to the extent governed by the United States Trademark Act of 1946 (Lanham Act; 15 U.S.C.  lj 1050 et seq.), as amended, this Agreement will be governed by the laws of the State of New York without recourse to New York choice of law or conflicts of law principles.","Issue: Governing Law and Exclusion of Federal Statute

Rule: In contract law, the choice of governing law is generally determined by the parties' agreement, subject to the exclusion of certain federal statutes. Federal statutes, such as the Lanham Act, may apply even if the parties choose a different state's law.

Application: The clause indicates that the Agreement's governing law is New York state law, except for trademark matters, which are governed by the Lanham Act. This carve-out for federal law is consistent with the principle that federal statutes, including the Lanham Act, preempt state law in the specific area of trademarks.

Conclusion: The clause effectively incorporates New York state law for most aspects of the Agreement, while ensuring that trademark-related issues are governed by federal law, as intended by the parties.",1.0,1.0,1.0,1.0,1.0,good,Accurate. Correctly handles the Lanham Act carve-out and the exclusion of NY conflicts principles.
MRSFIELDSORIGINALCOOKIESINC_01_29_1998-EX-10-FRANCHISE AGREEMENT__Governing Law_0,random,Governing Law,MRSFIELDSORIGINALCOOKIESINC_01_29_1998-EX-10-FRANCHISE AGREEMENT,"Except to the extent governed by the U.S. Trademark Act of 1946 (Lanham Act, 15 U.S.C.  ""1051 et seq.),  this Agreement,  the other agreements  referred herein,  and the offer and the sale of the  franchise  shall be  governed in all respects  and  aspects  by the  laws of the  Commonwealth  of  Pennsylvania  and expressly  excluding  the laws  pertaining  to the choice of law and conflict of laws.","Issue: The jurisdiction and applicable law for the agreement, particularly the exclusion of certain laws.

Rule: Contract law generally requires that the governing law of a contract be clearly and unambiguously stated. The clause specifies that the Agreement, other referenced agreements, and the offer and sale of the franchise shall be governed by the laws of the Commonwealth of Pennsylvania, except as otherwise provided by the U.S. Trademark Act of 1946 (Lanham Act).

Application: The clause excludes the application of the laws pertaining to the choice of law and conflict of laws, as it explicitly states that the Agreement and other agreements shall be governed by Pennsylvania law, except to the extent governed by the Lanham Act. This exclusion is clear and specific, limiting the applicability of Pennsylvania law to the extent that the Lanham Act governs trademarks.

Conclusion: The clause effectively limits the applicability of Pennsylvania law to the Agreement and other agreements, except where the Lanham Act applies, and excludes the choice of law and conflict of laws provisions.",1.0,1.0,1.0,1.0,1.0,minor_issue,"Muddled. The 'as' in the Application makes a non-sequitur, and the Conclusion says the clause 'limits the applicability of Pennsylvania law' when it establishes PA law as governing. Same clause type as the New York example in this sample, which is handled correctly - useful contrast."
Apollo Endosurgery - Manufacturing and Supply Agreement__Notice Period To Terminate Renewal_0,low_rubric_score,Notice Period To Terminate Renewal,Apollo Endosurgery - Manufacturing and Supply Agreement,This Agreement shall commence on the Effective Date and shall be valid for a period of five (5) years with automatic renewal of one year thereafter until terminated,"Issue: The scope and enforceability of the automatic renewal clause in the contract.

Rule: Automatic renewal clauses are generally enforceable under contract law, provided they are clearly stated and do not violate public policy or contain unreasonable terms.

Application: The clause states that the agreement will automatically renew for one year after the initial five-year term. This automatic renewal is explicitly stated and does not appear to contain unreasonable terms that would render it unenforceable.

Conclusion: The clause is likely enforceable as it clearly outlines the automatic renewal period and does not suggest any unreasonable conditions that would invalidate it.",0.7,1.0,0.8,1.0,0.0,bad,"Never addresses the labeled issue. Category is Notice Period To Terminate Renewal; the clause is truncated at 'until terminated' before any notice period appears, and the target discusses only whether auto-renewal is enforceable. Nothing in the output is about notice. Drop or re-chunk to include the notice sentence."
LOYALTYPOINTINC_11_16_2004-EX-10.2-RESELLER AGREEMENT__Exclusivity_1,random,Exclusivity,LOYALTYPOINTINC_11_16_2004-EX-10.2-RESELLER AGREEMENT,Schoolpop shall have the exclusive right to resell Cards in                   the NPO Marketplace.,"Issue: The exclusivity clause in the contract defines the rights of Schoolpop to resell Cards in the NPO Marketplace.

Rule: In contract law, an exclusivity clause grants a specific party the exclusive right to perform a particular action, thereby preventing other parties from engaging in that same action within the scope of the contract. This type of clause is common in sales and distribution agreements to ensure that one party has a monopoly on certain activities.

Application: The clause states that Schoolpop shall have the exclusive right to resell Cards in the NPO Marketplace. This means that Schoolpop is the sole entity permitted to resell Cards in this marketplace, and no other party can engage in this resale activity without Schoolpop's consent.

Conclusion: Therefore, the contract restricts the resale of Cards in the NPO Marketplace to Schoolpop exclusively, thereby preventing other parties from reselling Cards in this specific marketplace.",1.0,1.0,1.0,1.0,1.0,minor_issue,"Correct on exclusivity, but adds that no other party may resell 'without Schoolpop's consent'. The clause grants Schoolpop an exclusive right; it does not make Schoolpop the gatekeeper who can license others in. Unsupported addition."
"BERKELEYLIGHTS,INC_06_26_2020-EX-10.12-COLLABORATION AGREEMENT__Affiliate License-Licensor_1",random,Affiliate License-Licensor,"BERKELEYLIGHTS,INC_06_26_2020-EX-10.12-COLLABORATION AGREEMENT","Subject to the terms and conditions of this Agreement, and in consideration for the payments to BLI under this Agreement, during the Term, BLI, on behalf of itself and its Affiliates, hereby grants and shall grant to Ginkgo a non-exclusive, sublicensable (solely in accordance with Section 9.1.4 (Consent to Sublicense)), non-transferable, non-royalty-bearing (subject to Section 13.3.2 (Effects of Termination Based Upon Ginkgo Buy-Down Election)) worldwide license in, to and under (i) BLI Background IP, and (ii) other Intellectual Property that is Controlled by BLI and that is [***] BLI Inventions, with both of (i) and (ii) being limited to what is necessary for Ginkgo to [***] and (iii) the Collaboration Intellectual Property solely to:

(a) perform research [***] on biological entities, including organisms, cells and strains (and sub-components thereof);

(b) (i) design and develop (A) Collaboration Workflows as generally contemplated under a Workflow Development Plan and (B) Ginkgo Workflows as permitted under this Agreement and (ii) use [***] Workflows to conduct the activities set forth in clause (a) and clause (c) of this Section 9.1.1 (Scope of Grants);

(c) perform commercial research [***] and other Commercial Services for Third Parties; and

(d) in each case of clauses (a) through (c) of this Section 9.1.1 (Scope of Grants), the license granted is for activities solely within the Licensed Field.","Issue: Scope and Nature of the License Grant

Rule: In contract law, a license grant typically specifies the rights granted, the subject matter, and the limitations thereof. Licenses are generally non-exclusive unless stated otherwise, and can be sublicensable, transferable, or non-transferable depending on the terms of the agreement.

Application: The clause grants Ginkgo a non-exclusive, sublicensable, non-transferable, and non-royalty-bearing license to use BLI Background IP and other Controlled Intellectual Property, subject to the terms of the agreement. The license is limited to activities within the Licensed Field and is necessary for Ginkgo to perform research, design and develop workflows, and conduct commercial research and other commercial services.

Conclusion: The clause effectively outlines the scope of Ginkgo's rights to use BLI's intellectual property for specific research and commercial activities, subject to the terms and conditions of the agreement.",1.0,1.0,1.0,1.0,1.0,good,"Accurate. Faithful summary of a long, heavily redacted grant, including the sublicense condition, non-transferability, and the Licensed Field limitation."
BIOAMBERINC_04_10_2013-EX-10.34-DEVELOPMENT AGREEMENT (1)__Joint Ip Ownership_0,low_rubric_score,Joint Ip Ownership,BIOAMBERINC_04_10_2013-EX-10.34-DEVELOPMENT AGREEMENT (1),"In the  event it is not clear as to ownership of any Improvement as described in this Section 5.2, in other words, if it is not clear whether an  invention or discovery is either a Bioamber Improvement or a Cargill Improvement, such Improvement shall be [***] and such Improvement  shall be designated ""Joint Improvements"".","Issue: Clarification of Joint Intellectual Property Ownership in the Absence of Clear Attribution

Rule: In contract law, particularly concerning intellectual property (IP) ownership, clauses are often designed to address ambiguities in the creation of new IP. When the exact contribution of each party is unclear, joint ownership is a common resolution to ensure both parties' interests are protected.

Application: The clause in question addresses the situation where the clear ownership of an improvement, which could be attributed to either Bioamber or Cargill, is not ascertainable. By designating such an improvement as ""Joint Improvements,"" the clause ensures that both parties will share the rights and responsibilities associated with the improvement, thereby avoiding potential disputes over ownership.

Conclusion: The clause effectively navigates the ambiguity of unclear IP contributions by establishing a default mechanism for joint ownership, ensuring that both Bioamber and Cargill have a stake in the improvements that are not clearly attributable to one party.",0.75,1.0,0.0,1.0,1.0,good,Accurate. Correctly identifies the default-to-joint-ownership mechanism for unattributable Improvements despite the [***] redaction.
